HoV,MTR_cf_hat,TZ6zmix_cf_hat,FlowRate_Diff_(LTR-FDDN),ConvergedEpoch
S3,1.1776117970283975,0.11575339586440804,0.9202919525474726,0
C1,1.1351365054697726,0.09891462737199269,-3.318324905355439,0
H1,1.2467685555992425,0.004820008218496483,5.472844597754147,7
P1,1.410348749157174,0.020824601232854095,-2.760712181701024,8
A6,1.1189157746221494,0.04820344200823453,1.1760088447445014,9
